{
    "slot": {
        "lastScene": "Boss",
        "playerPos": {
            "x": -0.04718640446662903,
            "y": -2.777204751968384,
            "z": 0.0
        },
        "cameraPos": {
            "x": 0.0,
            "y": 0.0,
            "z": -10.0
        }
    }
}