{
    "slot": {
        "lastScene": "SaveManager",
        "playerPos": {
            "x": 0.037514399737119678,
            "y": -2.77720308303833,
            "z": 0.0
        },
        "cameraPos": {
            "x": 0.0,
            "y": 0.0,
            "z": -10.0
        }
    }
}