{
    "slot": {
        "lastScene": "Stage2",
        "playerPos": {
            "x": 83.1773910522461,
            "y": -1.3856289386749268,
            "z": 0.0
        },
        "cameraPos": {
            "x": 91.0,
            "y": 0.0,
            "z": -10.0
        }
    }
}