{
    "slot": {
        "lastScene": "Boss",
        "playerPos": {
            "x": 0.03751286864280701,
            "y": -2.77720308303833,
            "z": 0.0
        },
        "cameraPos": {
            "x": 0.0,
            "y": 0.0,
            "z": -10.0
        }
    }
}