{
    "slot": {
        "lastScene": "Boss",
        "playerPos": {
            "x": -0.08248838782310486,
            "y": -2.7771990299224855,
            "z": 0.0
        },
        "cameraPos": {
            "x": 0.0,
            "y": 0.0,
            "z": -10.0
        }
    }
}