{
    "slot": {
        "lastScene": "Boss",
        "playerPos": {
            "x": 0.037513427436351779,
            "y": -2.7773985862731935,
            "z": 0.0
        },
        "cameraPos": {
            "x": 0.0,
            "y": 0.0,
            "z": -10.0
        }
    }
}