{
    "slot": {
        "lastScene": "Boss",
        "playerPos": {
            "x": -3.018720865249634,
            "y": -0.8278778791427612,
            "z": 0.0
        },
        "cameraPos": {
            "x": 0.0,
            "y": 0.0,
            "z": -10.0
        }
    }
}