{
    "slot": {
        "lastScene": "Boss",
        "playerPos": {
            "x": 4.953135967254639,
            "y": -0.6422140598297119,
            "z": 0.0
        },
        "cameraPos": {
            "x": 0.0,
            "y": 0.0,
            "z": -10.0
        }
    }
}