{
    "slot": {
        "lastScene": "Boss",
        "playerPos": {
<<<<<<< HEAD
<<<<<<< HEAD
            "x": -0.2624916434288025,
            "y": -1.5770304203033448,
=======
            "x": -0.08248838782310486,
            "y": -2.7771990299224855,
>>>>>>> 331f0fa70f56fbd1683b968e9589f050f21e3f2e
=======
            "x": -0.08248838782310486,
            "y": -2.7771990299224855,
>>>>>>> 331f0fa70f56fbd1683b968e9589f050f21e3f2e
            "z": 0.0
        },
        "cameraPos": {
            "x": 0.0,
            "y": 0.0,
            "z": -10.0
        }
    }
}